nombre_archivo,ruta,fecha_captura_o_estimada,dispositivo,hash_sha256,estado_y_metodo
Area_Enfermeria.jpeg,02_Evidencias/Fotos_Entorno/Area_Enfermeria.jpeg,17/7/2026,"Redmi Note 13 (declarado por el equipo; EXIF perdido al compartir por WhatsApp)",bf9eeeb16c33e31340b62711a3a6fbb668cda722beb9c1130963a96cc3a2b2a0,"SIN_EXIF (perdido por WhatsApp para poder subir/pixelar) - INFERIDA: misma fecha que entrevista P06_Enfermeria"
Area_Informacion.jpeg,02_Evidencias/Fotos_Entorno/Area_Informacion.jpeg,7/7/2026,"Redmi Note 13 (declarado por el equipo; EXIF perdido al compartir por WhatsApp)",7169d2b528b0957128fbdcf8bbf7d00b371fccbc718f4afb5e213229ff002952,"SIN_EXIF (perdido por WhatsApp para poder subir/pixelar) - INFERIDA: área de Recepción/Información, misma fecha que P07_Recepcion_Recaudacion"
"Asientos de espera.jpg","02_Evidencias/Fotos_Entorno/Asientos de espera.jpg","1/9/2026 12:37","Samsung Galaxy A16",38bc6e5c5b9e50d7553bccc7dfd569ce8298f7337cbed440cc21c02a3cb8f554,"CON_EXIF (real, verificado)"
Entorno_Entrevista.jpeg,02_Evidencias/Fotos_Entorno/Entorno_Entrevista.jpeg,4/6/2026,"iPhone (declarado por el equipo; EXIF perdido al compartir por WhatsApp)",619c15d2413183de4c1e6d801db4967b15a90b69613202b9728a2011681bab12,"SIN_EXIF (perdido por WhatsApp para poder subir/pixelar) - INFERIDA: foto general de entorno de entrevista, ronda de junio"
"Entrada al centro médico.jpg","02_Evidencias/Fotos_Entorno/Entrada al centro médico.jpg","17/7/2026 13:25","iPhone 11",02fc2fd69287fafb0704173597b2b8842301a806aef63bfbec4cfb25fbadda5c,"CON_EXIF (real, verificado)"
"Espacio de espera.jpg","02_Evidencias/Fotos_Entorno/Espacio de espera.jpg","17/7/2026 13:29","iPhone 11",7551247af0e2620f688cf7a88010ddee7199402c010317ea0862662503bc0051,"CON_EXIF (real, verificado)"
"Exterior del centro médico(entrada).jpg","02_Evidencias/Fotos_Entorno/Exterior del centro médico(entrada).jpg","17/7/2026 13:25","iPhone 11",789a8950038489d837faa398b41bf182d78f72818743aa3d098b8367b7bc1035,"CON_EXIF (real, verificado)"
Fachada_Centro_Medico.jpg,02_Evidencias/Fotos_Entorno/Fachada_Centro_Medico.jpg,3/9/2026,"iPhone (declarado por el equipo; EXIF perdido al compartir por WhatsApp)",c8b5f066541f508b4c9e260efada9624a1e53b3a4b94e3e3a7521e0f38d589f9,"SIN_EXIF (perdido por WhatsApp para poder subir/pixelar) - APROXIMADA: fecha de incorporación al repositorio (commit de git); foto general del centro"
"Sala Administrativa.png","02_Evidencias/Fotos_Entorno/Sala Administrativa.png",3/9/2026,"iPhone (declarado por el equipo; EXIF perdido al compartir por WhatsApp)",39d8b54bedae329f316097186ffb63e1f17b33640cc40a3fd4474b5e8f0c6dbe,"SIN_EXIF (perdido por WhatsApp para poder subir/pixelar) - APROXIMADA: fecha de incorporación al repositorio (commit de git); no asociada a un área/entrevista específica"
"Sala de archivo.png","02_Evidencias/Fotos_Entorno/Sala de archivo.png",3/9/2026,"iPhone (declarado por el equipo; EXIF perdido al compartir por WhatsApp)",de7ff6a1ce3f9945acd65cc7a1ac570eb50bc02c0772501a4990aae6d1734a88,"SIN_EXIF (perdido por WhatsApp para poder subir/pixelar) - APROXIMADA: fecha de incorporación al repositorio (commit de git); no asociada a un área/entrevista específica"
"Sala de espera.jpg","02_Evidencias/Fotos_Entorno/Sala de espera.jpg","17/7/2026 13:39","iPhone 11",c558f6cd2368a5cdb79bce48cb0243a49a8c1fd6ff6a30253556c37c1f154bd8,"CON_EXIF (real, verificado)"
Sala_Enfermeria.jpeg,02_Evidencias/Fotos_Entorno/Sala_Enfermeria.jpeg,17/7/2026,"Redmi Note 13 (declarado por el equipo; EXIF perdido al compartir por WhatsApp)",cbda7878681efd773a563e8537aa9195078014467deb18377029f99d68e9ecd4,"SIN_EXIF (perdido por WhatsApp para poder subir/pixelar) - INFERIDA: misma fecha que entrevista P06_Enfermeria"
Sala_Informacion.png,02_Evidencias/Fotos_Entorno/Sala_Informacion.png,7/7/2026,"Redmi Note 13 (declarado por el equipo; EXIF perdido al compartir por WhatsApp)",3e4c4d7c4e297e82158d366e6275f7eb6e4c5fcaad200511827b95fabfaa8960,"SIN_EXIF (perdido por WhatsApp para poder subir/pixelar) - INFERIDA: área de Recepción/Información, misma fecha que P07_Recepcion_Recaudacion"
Sala_Informacion_Entrevista.jpeg,02_Evidencias/Fotos_Entorno/Sala_Informacion_Entrevista.jpeg,"17/7/2026 13:21","Redmi Note 13 (marca quemada visible en el duplicado 10_Autoria/correspondencia/evidencia_entrevista/2026-07-17_recepcion.png)",f285809261dcb9e6e84a793b72274f776c814995f8ddd9f451efe4603745fe90,"SIN_EXIF en metadato (perdido por WhatsApp) - CORREGIDA: es la misma toma que 2026-07-17_recepcion.png (revisita fotográfica del espacio, no la fecha de la entrevista P07)."
Sala_Obstetricia.png,02_Evidencias/Fotos_Entorno/Sala_Obstetricia.png,3/9/2026,"iPhone (declarado por el equipo; EXIF perdido al compartir por WhatsApp)",77af1d668afeff28e3a6b2d7da6475ec25f306684056d677b1dba0e7bb11cb61,"SIN_EXIF (perdido por WhatsApp para poder subir/pixelar) - APROXIMADA: fecha de incorporación al repositorio (commit de git); no hay entrevista de Obstetricia para inferir fecha de campo real"
Sala_de_TerapiaFísica.png,02_Evidencias/Fotos_Entorno/Sala_de_TerapiaFísica.png,4/6/2026,"iPhone (declarado por el equipo; EXIF perdido al compartir por WhatsApp)",88d59a4729f304d9c134f677ef6ea4f5a1951ec4c893e0109e2ea00a730e7fe3,"SIN_EXIF (perdido por WhatsApp para poder subir/pixelar) - INFERIDA: misma fecha que entrevista P03_Terapia_Fisica"
"Vista de entrada del centro médico.jpeg","02_Evidencias/Fotos_Entorno/Vista de entrada del centro médico.jpeg",3/9/2026,"iPhone (declarado por el equipo; EXIF perdido al compartir por WhatsApp)",c17f0cc8039a20c1158b03ca9bd4ee2f5095c7a24f4b543a34969702eef861e2,"SIN_EXIF (perdido por WhatsApp para poder subir/pixelar) - APROXIMADA: fecha de incorporación al repositorio (commit de git); foto general del centro"
"Vista desde asientos.jpg","02_Evidencias/Fotos_Entorno/Vista desde asientos.jpg","1/9/2026 12:36","Samsung Galaxy A16",fb7b9d65b12174edef8741d1aa052527cf2958806aeb3c1424ec4b5fa2a2d134,"CON_EXIF (real, verificado)"
"Área de Psicología.png","02_Evidencias/Fotos_Entorno/Área de Psicología.png",4/6/2026,"iPhone (declarado por el equipo; EXIF perdido al compartir por WhatsApp)",7ad286b5079e781ce3306ebc1171ec9fe1f1b9e39e73f87fe97cee28de8a77af,"SIN_EXIF (perdido por WhatsApp para poder subir/pixelar) - INFERIDA: misma fecha que entrevista P01_Psicologia"
"Área de recaudación en el centro médico.jpg","02_Evidencias/Fotos_Entorno/Área de recaudación en el centro médico.jpg","1/9/2026 12:37","Samsung Galaxy A16",5e47cffc8be6e3128f5341848be58aa0cfc2b1fc20ba7b61feb36d5b7be55785,"CON_EXIF (real, verificado)"
"área de obstetricia por fuera.jpg","02_Evidencias/Fotos_Entorno/área de obstetricia por fuera.jpg","1/9/2026 12:37","Samsung Galaxy A16",5f9fd81d2592ea854111e19b6d9bf91fc73e514760bc8f844ebaee814a3cb383,"CON_EXIF (real, verificado)"
captura_encuesta_realizada_4.jpeg,02_Evidencias/Cuestionario/Fotos_Aplicacion/captura_encuesta_realizada_4.jpeg,1/8/2026,"Captura de pantalla (Google Forms) — no aplica EXIF de cámara",304dbf1ee5e82ff5197959091148d520bf188d64819e13ee3d5d85ed0542698d,"SIN_EXIF (captura de pantalla, no es fotografía de cámara) - INFERIDA: fecha del primer commit del archivo"
captura_encuesta_realizada_5.jpeg,02_Evidencias/Cuestionario/Fotos_Aplicacion/captura_encuesta_realizada_5.jpeg,1/8/2026,"Captura de pantalla (Google Forms) — no aplica EXIF de cámara",d40c2ab28eec3e5244fa0d721ff7d668c175db4ca1a3dc20b6a9827d4d032bfa,"SIN_EXIF (captura de pantalla, no es fotografía de cámara) - INFERIDA: fecha del primer commit del archivo"
captura_encuesta_respondida_1.png.jpeg,02_Evidencias/Cuestionario/Fotos_Aplicacion/captura_encuesta_respondida_1.png.jpeg,30/7/2026,"Captura de pantalla (Google Forms) — no aplica EXIF de cámara",8f94ebaf07c1d053f29e1b54e2513b23de675b5cc055e3ad96abab90dbb3d0c5,"SIN_EXIF (captura de pantalla, no es fotografía de cámara) - INFERIDA: fecha del primer commit del archivo"
captura_encuesta_respondida_2.jpeg,02_Evidencias/Cuestionario/Fotos_Aplicacion/captura_encuesta_respondida_2.jpeg,30/7/2026,"Captura de pantalla (Google Forms) — no aplica EXIF de cámara",eb43397b80ec20de83fcf1aa14a0429a8a07a9d9c87d7fdf1ea78b15278dbf9b,"SIN_EXIF (captura de pantalla, no es fotografía de cámara) - INFERIDA: fecha del primer commit del archivo"
captura_encuesta_respondida_3.png,02_Evidencias/Cuestionario/Fotos_Aplicacion/captura_encuesta_respondida_3.png,30/7/2026,"Captura de pantalla (Google Forms) — no aplica EXIF de cámara",4f7a9ae606882e540710a21d89e2da93daf7dd11c75b1a20963d4998cb7266e4,"SIN_EXIF (captura de pantalla, no es fotografía de cámara) - INFERIDA: fecha del primer commit del archivo"
2026_09_04_Facha_Establecimiento.jpg,10_Autoria/Fotos_equipos/2026_09_04_Facha_Establecimiento.jpg,"4/9/2026 8:21","Xiaomi 23129RA5FL (declarado por EXIF real)",ade65794575b26191f28190e54416b58bb87a0df7ae486c4e592820244062de4,"CON_EXIF (real, verificado)"
2026_09_04_Pasillo_Entrda(principal).jpg,10_Autoria/Fotos_equipos/2026_09_04_Pasillo_Entrda(principal).jpg,"4/9/2026 8:18","Xiaomi 23129RA5FL (declarado por EXIF real)",d065e06746ce3184db56fccf4719d850b6b692f79cefc40debfc424957f2bae6,"CON_EXIF (real, verificado)"
2026_09_04_Area_Recepción(Recaudación).jpg,10_Autoria/Fotos_equipos/2026_09_04_Area_Recepción(Recaudación).jpg,"4/9/2026 8:19","Xiaomi 23129RA5FL (declarado por EXIF real)",1e6be5b39e3e4240d8db81e8888cdc21714c1fa79aeb3e73e08bd89a886d3e67,"CON_EXIF (real, verificado)"
2026-06-04_nutricion.png,10_Autoria/correspondencia/evidencia_entrevista/2026-06-04_nutricion.png,"4/6/2026 9:34","No especificado por el equipo (ver Readme.md de la carpeta)",d0c47fc66e2fb776ad673eb7b961c4eedd73cd8d1514660f78234b142ae0b4d3,"SIN_EXIF (verificado: PNG sin chunk eXIf, y sin marca de tiempo quemada visible en la imagen) - fecha/hora APROXIMADA por fecha de sesión declarada en bitacora_sesiones.csv, no por metadato ni marca visible"
2026-06-04_psicologia.png,10_Autoria/correspondencia/evidencia_entrevista/2026-06-04_psicologia.png,"4/6/2026 9:53","No especificado por el equipo (ver Readme.md de la carpeta)",e843d52e07e0579641b3f081d1abdc96f79939d6c7e6e0a2f9c6bc4880deace0,"SIN_EXIF (verificado: PNG sin chunk eXIf, y sin marca de tiempo quemada visible en la imagen) - fecha/hora APROXIMADA por fecha de sesión declarada en bitacora_sesiones.csv, no por metadato ni marca visible"
2026-06-04_coordinacion-odontologia.png,10_Autoria/correspondencia/evidencia_entrevista/2026-06-04_coordinacion-odontologia.png,"4/6/2026 10:16","No especificado por el equipo (ver Readme.md de la carpeta)",c6830dcdab8c2a740fdc08cbe337bd88e0784bb76b0c0322a8d589a90783f9e8,"SIN_EXIF (verificado: PNG sin chunk eXIf, y sin marca de tiempo quemada visible en la imagen) - fecha/hora APROXIMADA por fecha de sesión declarada en bitacora_sesiones.csv, no por metadato ni marca visible"
2026-07-17_recepcion.png,10_Autoria/correspondencia/evidencia_entrevista/2026-07-17_recepcion.png,"17/7/2026 13:21","Redmi Note 13 (marca quemada visible en la propia imagen: 'REDMI NOTE 13 — 17/07/2026 13:21')",f6e72630a1bdf8d0cd6def338a5cb7252e8cdc95df01cccc3ac3bd1bff1f1798,"SIN_EXIF en metadato (verificado: PNG sin chunk eXIf) - fecha y dispositivo tomados de la marca de tiempo quemada, verificada visualmente. Es revisita fotográfica del espacio, posterior a la entrevista P07 (07/07/2026, fecha confirmada por la nota de campo manuscrita 10_Autoria/notas_campo/2026-07-07_P07_recepcion-recaudacion_notas-campo.pdf, escrita el mismo día de la sesión) — no es la fecha de la sesión."
2026-07-17_enfermeria.png,10_Autoria/correspondencia/evidencia_entrevista/2026-07-17_enfermeria.png,"17/7/2026 13:35","Redmi Note 13 (marca quemada visible en la propia imagen: 'REDMI NOTE 13 — 17/07/2026 13:35')",9f8b9e534a6363405c47e29387aa6d13f7f51e51d1a761f97a9e4b8d3bf8fc1e,"SIN_EXIF en metadato (verificado: PNG sin chunk eXIf) - fecha y dispositivo tomados de la marca de tiempo quemada, verificada visualmente. Es revisita fotográfica del espacio, posterior a la entrevista P06 (07/07/2026, fecha confirmada por la nota de campo manuscrita 10_Autoria/notas_campo/2026-07-07_P06_enfermeria_notas-campo.pdf, escrita el mismo día de la sesión) — no es la fecha de la sesión."
